TIME,WBHP:A-1H,WBHP:A-2AH,WBHP:A-3H,WBHP:A-5H,WGIR:A-1H,WGIR:A-2AH,WGIR:A-3H,WGIR:A-5H,WGOR:A-1H,WGOR:A-2AH,WGOR:A-3H,WGOR:A-5H,WGPT:A-1H,WGPT:A-2AH,WGPT:A-3H,WGPT:A-5H,WGPR:A-1H,WGPR:A-2AH,WGPR:A-3H,WGPR:A-5H,WOPT:A-1H,WOPT:A-2AH,WOPT:A-3H,WOPT:A-5H,WOPR:A-1H,WOPR:A-2AH,WOPR:A-3H,WOPR:A-5H,WPI1:A-1H,WPI1:A-2AH,WPI1:A-3H,WPI1:A-5H,WWCT:A-1H,WWCT:A-2AH,WWCT:A-3H,WWCT:A-5H,
0.00,306.368,304.148,309.323,304.799,0,0,0,0,0,0,0,0,0,0,0,0,0,0,0,0,0,0,0,0,0,0,0,0,0,0,0,0,0,0,0,0,
31.00,50,182.766,305.236,236.716,0,0,0,0,510.035,314.384,0,0,1.87473e+08,1.17864e+08,0,0,1.01738e+07,6.28767e+06,0,0,619744,620000,0,0,19947.2,20000,0,0,623.339,1914.53,0,0,0.000968937,0.000312174,0,0,
59.00,50,92.6226,301.022,173.404,0,0,0,0,628.917,643.221,0,0,3.62407e+08,4.09744e+08,0,0,4.802e+06,1.28644e+07,0,0,926586,1.18e+06,0,0,7635.35,20000,0,0,524.245,1272.14,0,0,0.00125121,0.000870038,0,0,
62.00,50,83.0673,300.627,166.616,0,0,0,0,637.56,665.998,0,0,3.75842e+08,4.49704e+08,0,0,4.47858e+06,1.332e+07,0,0,947659,1.24e+06,0,0,7024.57,20000,0,0,518.529,1211.47,0,0,0.00127473,0.000954291,0,0,
90.00,50,50,297.452,117.243,0,0,0,0,592.296,831.589,0,0,4.55279e+08,7.93332e+08,0,0,1.88498e+06,9.50616e+06,0,0,1.07349e+06,1.69256e+06,0,0,3182.5,11431.3,0,0,503.354,924.948,0,0,0.00141391,0.00144665,0,0,
107.00,50,50,295.933,101.01,0,0,0,0,482.533,884.786,0,0,4.7835e+08,9.23084e+08,0,0,1.10375e+06,6.68394e+06,0,0,1.11711e+06,1.84232e+06,0,0,2287.41,7554.31,0,0,526.942,897.218,0,0,0.00139832,0.00154176,0,0,
121.00,50,50,294.819,91.3693,0,0,0,0,378.201,906.263,0,0,4.90102e+08,1.00157e+09,0,0,726932,5.1289e+06,0,0,1.14547e+06,1.92954e+06,0,0,1922.08,5659.4,0,0,558.872,889.263,0,0,0.00134137,0.00159513,0,0,
135.00,50,50,293.794,84.1595,0,0,0,0,285.959,921.086,0,0,4.9798e+08,1.06262e+09,0,0,494151,4.01907e+06,0,0,1.17045e+06,1.99616e+06,0,0,1728.05,4363.4,0,0,595.069,887.68,0,0,0.00126168,0.00163615,0,0,
136.00,50,50,293.723,83.7192,0,0,0,0,280.01,921.898,0,0,4.98458e+08,1.06657e+09,0,0,478513,3.94935e+06,0,0,1.17216e+06,2.00045e+06,0,0,1708.91,4283.94,0,0,597.918,887.902,0,0,0.0012538,0.00163855,0,0,
151.00,50,50,292.692,78.1784,0,0,0,0,214.043,927.543,0,0,5.04263e+08,1.11753e+09,0,0,345265,3.1068e+06,0,0,1.19688e+06,2.05548e+06,0,0,1613.06,3349.5,0,0,630.413,894.104,0,0,0.0011693,0.00166929,0,0,
175.00,50,50,291.143,72.6017,0,0,0,0,157.255,913.177,0,0,5.10897e+08,1.17837e+09,0,0,246297,2.2104e+06,0,0,1.2348e+06,2.12146e+06,0,0,1566.22,2420.56,0,0,683.071,919.774,0,0,0.00102259,0.00169198,0,0,
182.00,50,50,290.705,71.4599,0,0,0,0,149.329,905.916,0,0,5.12544e+08,1.19285e+09,0,0,232084,2.02158e+06,0,0,1.24569e+06,2.1374e+06,0,0,1554.17,2231.53,0,0,692.771,929.375,0,0,0.000987559,0.00169505,0,0,
212.00,50,50,288.908,68.0578,0,0,0,0,131.091,862.478,0,0,5.18831e+08,1.24288e+09,0,0,195969,1.45696e+06,0,0,1.29145e+06,2.19404e+06,0,0,1494.91,1689.27,0,0,718.495,991.963,0,0,0.000866463,0.00167436,0,0,
234.00,50,50,287.676,66.4013,0,0,0,0,136.76,834.653,0,0,5.22848e+08,1.27122e+09,0,0,176429,1.18812e+06,0,0,1.32267e+06,2.22763e+06,0,0,1290.06,1423.5,0,0,733.681,1071.99,0,0,0.000773951,0.00161623,0,0,
243.00,50,50,287.192,65.8448,0,0,0,0,125.694,843.255,0,0,5.2439e+08,1.28133e+09,0,0,169698,1.10459e+06,0,0,1.3348e+06,2.23972e+06,0,0,1350.08,1309.91,0,0,739.437,1103.97,0,0,0.000743266,0.00158896,0,0,
274.00,50,50,285.601,64.3186,0,0,0,0,108.533,844.68,0,0,5.29411e+08,1.31151e+09,0,0,156245,886447,0,0,1.37806e+06,2.27525e+06,0,0,1439.61,1049.45,0,0,749.229,1112.94,0,0,0.000643848,0.00161058,0,0,
294.00,50,50,284.625,63.645,0,0,0,0,103.513,818.248,0,0,5.32476e+08,1.32782e+09,0,0,151880,774855,0,0,1.40726e+06,2.29505e+06,0,0,1467.25,946.969,0,0,753.138,1126.8,0,0,0.000602174,0.00161075,0,0,
304.00,50,50,284.15,63.3603,0,0,0,0,102.016,804.517,0,0,5.33983e+08,1.3352e+09,0,0,150384,726120,0,0,1.42198e+06,2.30418e+06,0,0,1474.13,902.553,0,0,754.306,1134.42,0,0,0.000587456,0.00160819,0,0,
335.00,50,50,282.728,62.6665,0,0,0,0,98.5463,811.48,0,0,5.38581e+08,1.35539e+09,0,0,147183,602033,0,0,1.46807e+06,2.32931e+06,0,0,1493.54,741.895,0,0,756.67,1146.09,0,0,0.000556819,0.00160704,0,0,
349.00,50,50,282.107,62.4271,0,0,0,0,97.8863,804.691,0,0,5.40634e+08,1.36338e+09,0,0,146367,555997,0,0,1.489e+06,2.33926e+06,0,0,1495.28,690.945,0,0,757.086,1155.46,0,0,0.000547699,0.00160062,0,0,
360.00,50,50,281.626,62.2727,0,0,0,0,97.3489,807.195,0,0,5.42239e+08,1.36924e+09,0,0,145676,522009,0,0,1.50545e+06,2.34653e+06,0,0,1496.44,646.696,0,0,757.382,1162.35,0,0,0.000541725,0.00159394,0,0,
365.00,50,50,281.409,62.2173,0,0,0,0,97.069,781.705,0,0,5.42966e+08,1.37179e+09,0,0,145365,508414,0,0,1.51294e+06,2.34978e+06,0,0,1497.54,650.391,0,0,757.561,1171.41,0,0,0.000539346,0.0015871,0,0,
372.00,50,50,281.108,62.1467,0,0,0,0,96.6739,769.074,0,0,5.43981e+08,1.37525e+09,0,0,144921,490163,0,0,1.52343e+06,2.35426e+06,0,0,1499.07,637.342,0,0,757.762,1177.63,0,0,0.000536178,0.0015824,0,0,
396.00,50,50,280.095,61.9982,0,0,0,0,95.3663,695.433,0,0,5.47437e+08,1.38629e+09,0,0,143442,441541,0,0,1.55949e+06,2.3695e+06,0,0,1504.12,634.914,0,0,758.473,1195.11,0,0,0.00052681,0.00157448,0,0,
422.00,50,50,279.039,61.8958,0,0,0,0,93.8749,644.877,0,0,5.51143e+08,1.39711e+09,0,0,141952,399359,0,0,1.59871e+06,2.38588e+06,0,0,1512.14,619.279,0,0,759.301,1216.15,0,0,0.000518043,0.00155942,0,0,
426.00,50,50,278.88,61.8868,0,0,0,0,93.6816,637.079,0,0,5.5171e+08,1.39868e+09,0,0,141760,393721,0,0,1.60477e+06,2.38836e+06,0,0,1513.21,618.01,0,0,759.419,1220.94,0,0,0.000516767,0.00155532,0,0,
427.00,50,50,278.84,61.8812,0,0,0,0,93.6421,645.655,0,0,5.51852e+08,1.39907e+09,0,0,141708,391588,0,0,1.60628e+06,2.38896e+06,0,0,1513.29,606.496,0,0,759.421,1219.91,0,0,0.000516428,0.00155629,0,0,
449.00,50,50,277.981,61.8521,0,0,0,0,92.825,553.898,0,0,5.54957e+08,1.40725e+09,0,0,140785,357864,0,0,1.63962e+06,2.40279e+06,0,0,1516.67,646.082,0,0,759.92,1255.07,0,0,0.000509642,0.0015157,0,0,
453.00,50,50,277.827,61.8488,0,0,0,0,92.6834,541.873,0,0,5.5552e+08,1.40866e+09,0,0,140623,352720,0,0,1.64569e+06,2.40539e+06,0,0,1517.24,650.927,0,0,760.002,1257.88,0,0,0.000508447,0.00151285,0,0,
456.00,50,50,277.713,61.8469,0,0,0,0,92.5765,533.089,0,0,5.55941e+08,1.40971e+09,0,0,140508,348761,0,0,1.65024e+06,2.40736e+06,0,0,1517.75,654.227,0,0,760.063,1259.68,0,0,0.000507562,0.00151136,0,0,
486.00,50,50,276.588,61.8653,0,0,0,0,91.3603,442.515,0,0,5.60138e+08,1.41955e+09,0,0,139517,313335,0,0,1.69594e+06,2.42784e+06,0,0,1527.11,708.078,0,0,760.853,1268.37,0,0,0.000499457,0.00150396,0,0,
487.00,50,50,276.551,61.8621,0,0,0,0,91.3281,435.975,0,0,5.60278e+08,1.41986e+09,0,0,139484,310970,0,0,1.69747e+06,2.42856e+06,0,0,1527.29,713.277,0,0,760.857,1269.24,0,0,0.000499179,0.0015037,0,0,
513.00,50,50,275.605,61.9183,0,0,0,0,90.53,376.704,0,0,5.63896e+08,1.42757e+09,0,0,138944,286132,0,0,1.73729e+06,2.44787e+06,0,0,1534.78,759.566,0,0,761.426,1275.1,0,0,0.000492759,0.00149173,0,0,
517.00,50,50,275.461,61.9289,0,0,0,0,90.3867,368.654,0,0,5.64451e+08,1.4287e+09,0,0,138858,282502,0,0,1.74343e+06,2.45094e+06,0,0,1536.26,766.306,0,0,761.523,1276.15,0,0,0.000491879,0.00148924,0,0,
548.00,50,50,274.363,62.055,0,0,0,0,89.5249,311.743,0,0,5.68745e+08,1.43698e+09,0,0,138247,256374,0,0,1.79122e+06,2.4757e+06,0,0,1544.23,822.39,0,0,762.109,1283.56,0,0,0.000485387,0.00146952,0,0,
578.00,50,50,273.328,62.2528,0,0,0,0,88.9435,266.838,0,0,5.72884e+08,1.44427e+09,0,0,137793,234167,0,0,1.83762e+06,2.50132e+06,0,0,1549.22,877.564,0,0,762.534,1288.87,0,0,0.00047996,0.00145216,0,0,
609.00,50,50,272.288,62.4505,0,0,0,0,88.1618,233.022,0,0,5.77146e+08,1.45128e+09,0,0,137289,221751,0,0,1.88579e+06,2.52988e+06,0,0,1557.24,951.633,0,0,763.057,1292.45,0,0,0.000475526,0.00143261,0,0,
624.00,50,50,271.793,62.5239,0,0,0,0,87.8347,223.338,0,0,5.79203e+08,1.45458e+09,0,0,137052,218924,0,0,1.90918e+06,2.54444e+06,0,0,1560.34,980.238,0,0,763.283,1293.01,0,0,0.000473587,0.0014246,0,0,
625.00,50,50,271.761,62.5262,0,0,0,0,87.8138,222.678,0,0,5.7934e+08,1.4548e+09,0,0,137035,218572,0,0,1.91074e+06,2.54542e+06,0,0,1560.51,981.558,0,0,763.29,1293.13,0,0,0.000473453,0.00142411,0,0,
640.00,50,50,271.27,62.5904,0,0,0,0,87.502,215.306,0,0,5.81393e+08,1.45805e+09,0,0,136836,216048,0,0,1.93418e+06,2.56036e+06,0,0,1563.81,1003.45,0,0,763.512,1293.98,0,0,0.000471707,0.00141636,0,0,
647.00,50,50,271.043,62.6185,0,0,0,0,87.3357,212.535,0,0,5.82351e+08,1.45956e+09,0,0,136730,215225,0,0,1.94514e+06,2.56743e+06,0,0,1565.57,1012.66,0,0,763.628,1294.29,0,0,0.000470966,0.00141301,0,0,
670.00,50,50,270.306,62.7002,0,0,0,0,86.3515,204.793,0,0,5.85487e+08,1.46448e+09,0,0,136048,213164,0,0,1.98127e+06,2.59111e+06,0,0,1575.52,1040.87,0,0,764.272,1295.72,0,0,0.000468176,0.00140227,0,0,
677.00,50,50,270.085,62.7227,0,0,0,0,86.0451,202.238,0,0,5.86439e+08,1.46597e+09,0,0,135833,212085,0,0,1.99232e+06,2.59844e+06,0,0,1578.62,1048.69,0,0,764.472,1296.56,0,0,0.000467139,0.00139883,0,0,
701.00,50,50,269.339,62.7906,0,0,0,0,85.5001,194.97,0,0,5.89693e+08,1.47102e+09,0,0,135443,209769,0,0,2.03029e+06,2.624e+06,0,0,1584.12,1075.9,0,0,764.854,1298.6,0,0,0.000464065,0.0013874,0,0,
731.00,50,50,268.43,62.845,0,0,0,0,85.0811,188.767,0,0,5.93748e+08,1.47729e+09,0,0,135011,208543,0,0,2.07787e+06,2.65681e+06,0,0,1586.85,1104.76,0,0,765.144,1300.18,0,0,0.000461104,0.00137495,0,0,
762.00,50,50,267.52,62.8735,0,0,0,0,84.5578,183.455,0,0,5.97924e+08,1.48373e+09,0,0,134469,206836,0,0,2.12711e+06,2.69147e+06,0,0,1590.27,1127.45,0,0,765.486,1301.96,0,0,0.000458665,0.00136314,0,0,
793.00,50,50,266.637,62.885,0,0,0,0,84.0381,179.721,0,0,6.02084e+08,1.49012e+09,0,0,133984,205731,0,0,2.17649e+06,2.72675e+06,0,0,1594.33,1144.73,0,0,765.823,1303.33,0,0,0.000456667,0.00135264,0,0,
821.00,50,50,265.857,62.883,0,0,0,0,83.6513,176.274,0,0,6.05828e+08,1.49585e+09,0,0,133533,203445,0,0,2.22116e+06,2.75897e+06,0,0,1596.3,1154.14,0,0,766.069,1304.96,0,0,0.000455079,0.00134408,0,0,
852.00,50,50,265.01,62.8787,0,0,0,0,83.262,170.788,0,0,6.09959e+08,1.5021e+09,0,0,133065,199671,0,0,2.27068e+06,2.79504e+06,0,0,1598.15,1169.12,0,0,766.317,1307.56,0,0,0.000453431,0.00133395,0,0,
882.00,50,50,264.209,62.8717,0,0,0,0,83.0182,166.854,0,0,6.13944e+08,1.50804e+09,0,0,132627,197057,0,0,2.31862e+06,2.83034e+06,0,0,1597.56,1181.01,0,0,766.469,1309.37,0,0,0.000451851,0.00132492,0,0,
913.00,50,50,263.397,62.8597,0,0,0,0,82.7657,163.462,0,0,6.18046e+08,1.5141e+09,0,0,132104,194473,0,0,2.36812e+06,2.86711e+06,0,0,1596.12,1189.71,0,0,766.624,1311.1,0,0,0.00045013,0.00131658,0,0,
943.00,50,50,262.625,62.8481,0,0,0,0,82.4561,160.093,0,0,6.22e+08,1.51988e+09,0,0,131571,191677,0,0,2.41599e+06,2.90292e+06,0,0,1595.65,1197.29,0,0,766.822,1312.83,0,0,0.000448395,0.00130874,0,0,
974.00,50,50,261.839,62.8295,0,0,0,0,82.1992,157.727,0,0,6.26069e+08,1.52579e+09,0,0,131069,190167,0,0,2.46545e+06,2.94018e+06,0,0,1594.52,1205.67,0,0,766.988,1313.95,0,0,0.00044653,0.00130207,0,0,
1005.00,50,50,261.062,62.8035,0,0,0,0,82.014,156.019,0,0,6.30123e+08,1.53166e+09,0,0,130550,188809,0,0,2.51483e+06,2.97765e+06,0,0,1591.8,1210.17,0,0,767.107,1314.79,0,0,0.000444584,0.00129797,0,0,
1035.00,50,50,260.319,62.7741,0,0,0,0,81.7189,153.91,0,0,6.34031e+08,1.5373e+09,0,0,130033,186948,0,0,2.56256e+06,3.01403e+06,0,0,1591.22,1214.65,0,0,767.305,1315.95,0,0,0.000442653,0.00129506,0,0,
1066.00,50,50,259.563,62.738,0,0,0,0,81.4477,151.751,0,0,6.38054e+08,1.54306e+09,0,0,129563,184823,0,0,2.61188e+06,3.05176e+06,0,0,1590.75,1217.94,0,0,767.495,1317.18,0,0,0.000440658,0.0012929,0,0,
1096.00,50,50,258.842,62.7005,0,0,0,0,81.1522,149.557,0,0,6.41933e+08,1.54856e+09,0,0,129132,182537,0,0,2.65962e+06,3.08835e+06,0,0,1591.23,1220.52,0,0,767.706,1318.37,0,0,0.000438736,0.00129117,0,0,
1127.00,50,50,258.109,62.6633,0,0,0,0,81.0325,147.794,0,0,6.45928e+08,1.55418e+09,0,0,128712,180003,0,0,2.7089e+06,3.12616e+06,0,0,1588.4,1217.93,0,0,767.799,1319.47,0,0,0.000436649,0.00129003,0,0,
1158.00,50,50,257.385,62.627,0,0,0,0,80.9443,146.48,0,0,6.4991e+08,1.55972e+09,0,0,128229,178162,0,0,2.75807e+06,3.16389e+06,0,0,1584.17,1216.29,0,0,767.871,1320.26,0,0,0.000434361,0.00128905,0,0,
1186.00,50,50,256.74,62.5932,0,0,0,0,80.851,145.972,0,0,6.53493e+08,1.5647e+09,0,0,127760,177045,0,0,2.80236e+06,3.1979e+06,0,0,1580.19,1212.87,0,0,767.948,1320.56,0,0,0.000432126,0.00128873,0,0,
1217.00,50,50,256.034,62.5601,0,0,0,0,80.7495,144.708,0,0,6.57444e+08,1.57015e+09,0,0,127242,174523,0,0,2.85127e+06,3.23539e+06,0,0,1575.77,1206.03,0,0,768.034,1321.57,0,0,0.000429522,0.00128803,0,0,
1247.00,50,50,255.448,62.536,0,0,0,0,80.6419,142.618,0,0,6.61253e+08,1.57533e+09,0,0,126744,171799,0,0,2.89847e+06,3.27154e+06,0,0,1571.69,1204.61,0,0,768.129,1322.89,0,0,0.000426914,0.00128656,0,0,
1250.00,50,50,255.288,62.5351,0,0,0,0,80.6289,142.445,0,0,6.61633e+08,1.57585e+09,0,0,126692,171573,0,0,2.90319e+06,3.27515e+06,0,0,1571.3,1204.48,0,0,768.14,1322.99,0,0,0.000426649,0.00128644,0,0,
1268.00,50,50,254.884,62.5269,0,0,0,0,80.5532,141.202,0,0,6.6391e+08,1.57892e+09,0,0,126399,170089,0,0,2.93144e+06,3.29683e+06,0,0,1569.13,1204.58,0,0,768.205,1323.75,0,0,0.00042505,0.00128562,0,0,
1278.00,50,50,254.661,62.5233,0,0,0,0,80.4978,140.489,0,0,6.65173e+08,1.58061e+09,0,0,126230,169376,0,0,2.94713e+06,3.30888e+06,0,0,1568.12,1205.62,0,0,768.251,1324.14,0,0,0.000424153,0.00128506,0,0,
1308.00,50,50,253.995,62.5201,0,0,0,0,80.2869,138.373,0,0,6.68951e+08,1.58566e+09,0,0,125731,167142,0,0,2.99413e+06,3.3451e+06,0,0,1566.02,1207.9,0,0,768.427,1325.3,0,0,0.000421447,0.00128362,0,0,
1339.00,50,50,253.312,62.526,0,0,0,0,80.0593,135.955,0,0,6.7284e+08,1.59079e+09,0,0,125288,164711,0,0,3.04266e+06,3.3826e+06,0,0,1564.94,1211.52,0,0,768.624,1326.61,0,0,0.000418718,0.00128175,0,0,
1370.00,50,50,252.635,62.5375,0,0,0,0,79.9636,133.466,0,0,6.76717e+08,1.59586e+09,0,0,124878,161995,0,0,3.09112e+06,3.42021e+06,0,0,1561.69,1213.76,0,0,768.726,1328.14,0,0,0.000415975,0.00127974,0,0,
1400.00,50,50,251.985,62.5536,0,0,0,0,79.869,131.238,0,0,6.80456e+08,1.60068e+09,0,0,124444,159984,0,0,3.13791e+06,3.45672e+06,0,0,1558.1,1219.04,0,0,768.827,1329.51,0,0,0.00041322,0.00127768,0,0,
1431.00,50,50,251.399,62.5708,0,0,0,0,79.7369,129.2,0,0,6.84306e+08,1.60561e+09,0,0,123966,158328,0,0,3.18615e+06,3.49462e+06,0,0,1554.68,1225.44,0,0,768.957,1330.71,0,0,0.000410293,0.00127557,0,0,
1461.00,50,50,250.674,62.588,0,0,0,0,79.5828,127.51,0,0,6.88017e+08,1.61033e+09,0,0,123522,157080,0,0,3.23274e+06,3.53149e+06,0,0,1552.12,1231.9,0,0,769.105,1331.67,0,0,0.00040744,0.00127367,0,0,
1492.00,50,50,250.017,62.6059,0,0,0,0,79.4656,126.058,0,0,6.91838e+08,1.61518e+09,0,0,123088,156001,0,0,3.2808e+06,3.56978e+06,0,0,1548.94,1237.53,0,0,769.229,1332.46,0,0,0.000404475,0.00127182,0,0,
1523.00,50,50,249.445,62.6206,0,0,0,0,79.3708,124.977,0,0,6.95646e+08,1.62001e+09,0,0,122661,155274,0,0,3.32876e+06,3.60824e+06,0,0,1545.42,1242.42,0,0,769.339,1332.99,0,0,0.000401466,0.00127021,0,0,
1551.00,50,50,248.785,62.6306,0,0,0,0,79.3047,123.956,0,0,6.99075e+08,1.62434e+09,0,0,122299,154315,0,0,3.37198e+06,3.64307e+06,0,0,1542.14,1244.92,0,0,769.427,1333.59,0,0,0.000398706,0.00126889,0,0,
1582.00,50,50,248.149,62.6415,0,0,0,0,79.261,122.275,0,0,7.0286e+08,1.62909e+09,0,0,121906,152315,0,0,3.41971e+06,3.68168e+06,0,0,1538.03,1245.68,0,0,769.507,1334.79,0,0,0.000395612,0.00126735,0,0,
1612.00,50,50,247.614,62.6538,0,0,0,0,79.1785,120.98,0,0,7.06509e+08,1.63364e+09,0,0,121444,151315,0,0,3.46578e+06,3.71914e+06,0,0,1533.8,1250.74,0,0,769.608,1335.57,0,0,0.00039248,0.00126606,0,0,
1643.00,50,50,246.919,62.6633,0,0,0,0,79.046,119.869,0,0,7.10265e+08,1.63832e+09,0,0,120943,150416,0,0,3.51326e+06,3.758e+06,0,0,1530.03,1254.84,0,0,769.745,1336.25,0,0,0.000389163,0.00126509,0,0,
1673.00,50,50,246.324,62.6685,0,0,0,0,78.9067,118.393,0,0,7.13885e+08,1.6428e+09,0,0,120479,148824,0,0,3.5591e+06,3.79568e+06,0,0,1526.85,1257.03,0,0,769.888,1337.42,0,0,0.000385963,0.00126387,0,0,
1704.00,50,50,245.715,62.6732,0,0,0,0,78.7168,115.604,0,0,7.17611e+08,1.64735e+09,0,0,119994,145841,0,0,3.60639e+06,3.83467e+06,0,0,1524.38,1261.56,0,0,770.068,1339.78,0,0,0.000382741,0.00126109,0,0,
1735.00,50,50,245.111,62.684,0,0,0,0,78.5055,114.593,0,0,7.21323e+08,1.65187e+09,0,0,119551,145790,0,0,3.65362e+06,3.87397e+06,0,0,1522.84,1272.24,0,0,770.265,1340.14,0,0,0.000379646,0.00126018,0,0,
1765.00,50,50,244.533,62.6887,0,0,0,0,78.3947,113.996,0,0,7.24903e+08,1.65624e+09,0,0,119189,145582,0,0,3.69926e+06,3.91223e+06,0,0,1520.37,1277.07,0,0,770.391,1340.32,0,0,0.000376704,0.00125964,0,0,
1796.00,50,50,243.943,62.6896,0,0,0,0,78.3087,113.05,0,0,7.28591e+08,1.66074e+09,0,0,118772,144616,0,0,3.74633e+06,3.95186e+06,0,0,1516.71,1279.22,0,0,770.498,1340.94,0,0,0.000373627,0.00125878,0,0,
1826.00,50,50,243.377,62.6886,0,0,0,0,78.2079,110.907,0,0,7.32147e+08,1.66504e+09,0,0,118347,141744,0,0,3.79177e+06,3.99023e+06,0,0,1513.24,1278.04,0,0,770.613,1342.99,0,0,0.000370572,0.00125708,0,0,
1849.00,50,50,242.945,62.6908,0,0,0,0,78.0753,108.83,0,0,7.34864e+08,1.66826e+09,0,0,118004,139824,0,0,3.82655e+06,4.01968e+06,0,0,1511.42,1284.79,0,0,770.743,1344.86,0,0,0.000368216,0.00125441,0,0,
1857.00,50,50,242.795,62.6929,0,0,0,0,78.0197,108.417,0,0,7.35807e+08,1.66937e+09,0,0,117888,139588,0,0,3.83864e+06,4.02997e+06,0,0,1511.01,1287.51,0,0,770.795,1345.14,0,0,0.000367407,0.00125409,0,0,
1888.00,50,50,242.217,62.7051,0,0,0,0,77.8303,106.835,0,0,7.39455e+08,1.67367e+09,0,0,117486,138697,0,0,3.88546e+06,4.07005e+06,0,0,1509.51,1298.24,0,0,770.98,1346.17,0,0,0.000364338,0.0012525,0,0,
1917.00,50,50,241.681,62.7132,0,0,0,0,77.721,106.307,0,0,7.42856e+08,1.67769e+09,0,0,117172,138728,0,0,3.9292e+06,4.10782e+06,0,0,1507.6,1304.98,0,0,771.108,1346.26,0,0,0.000361533,0.001252,0,0,
1948.00,50,50,241.111,62.7167,0,0,0,0,77.6617,105.912,0,0,7.46483e+08,1.68199e+09,0,0,116842,138606,0,0,3.97588e+06,4.14835e+06,0,0,1504.5,1308.68,0,0,771.203,1346.36,0,0,0.000358549,0.00125156,0,0,
1978.00,50,50,240.561,62.7156,0,0,0,0,77.6218,105.545,0,0,7.49983e+08,1.68615e+09,0,0,116520,138305,0,0,4.02096e+06,4.18764e+06,0,0,1501.13,1310.38,0,0,771.285,1346.53,0,0,0.000355602,0.00125118,0,0,
2009.00,50,50,239.998,62.7134,0,0,0,0,77.5839,105.05,0,0,7.53589e+08,1.69042e+09,0,0,116185,137692,0,0,4.06743e+06,4.22827e+06,0,0,1497.53,1310.73,0,0,771.368,1346.88,0,0,0.00035252,0.00125074,0,0,
2039.00,50,50,239.455,62.71,0,0,0,0,77.5651,103.821,0,0,7.57069e+08,1.69453e+09,0,0,115890,135843,0,0,4.1123e+06,4.26757e+06,0,0,1494.1,1308.44,0,0,771.439,1348.12,0,0,0.00034954,0.00124999,0,0,
2070.00,50,50,238.899,62.7144,0,0,0,0,77.5419,101.555,0,0,7.60656e+08,1.69868e+09,0,0,115562,133203,0,0,4.15855e+06,4.30813e+06,0,0,1490.31,1311.63,0,0,771.515,1350.35,0,0,0.000346485,0.00124774,0,0,
2101.00,50,50,238.354,62.7228,0,0,0,0,77.3969,100.748,0,0,7.64231e+08,1.70281e+09,0,0,115103,133052,0,0,4.20469e+06,4.34897e+06,0,0,1487.18,1320.64,0,0,771.665,1350.73,0,0,0.000343366,0.00124736,0,0,
2131.00,50,50,237.827,62.7264,0,0,0,0,77.2359,100.325,0,0,7.67676e+08,1.7068e+09,0,0,114654,132972,0,0,4.24926e+06,4.38868e+06,0,0,1484.47,1325.42,0,0,771.824,1350.9,0,0,0.000340289,0.00124743,0,0,
2145.00,50,50,237.582,62.7272,0,0,0,0,77.1648,100.186,0,0,7.69279e+08,1.70866e+09,0,0,114440,132927,0,0,4.27003e+06,4.40725e+06,0,0,1483.06,1326.79,0,0,771.894,1350.96,0,0,0.000338848,0.00124754,0,0,
2162.00,50,50,237.287,62.727,0,0,0,0,77.0851,100.019,0,0,7.71222e+08,1.71092e+09,0,0,114182,132810,0,0,4.29522e+06,4.42981e+06,0,0,1481.25,1327.85,0,0,771.974,1351.05,0,0,0.000337096,0.00124772,0,0,
2192.00,50,50,236.767,62.726,0,0,0,0,76.9557,99.4845,0,0,7.7464e+08,1.71489e+09,0,0,113731,132260,0,0,4.3396e+06,4.46966e+06,0,0,1477.88,1329.46,0,0,772.108,1351.45,0,0,0.000333988,0.00124789,0,0,
2223.00,50,50,236.233,62.7246,0,0,0,0,76.8148,99.216,0,0,7.78157e+08,1.71899e+09,0,0,113246,132061,0,0,4.38535e+06,4.51091e+06,0,0,1474.28,1331.04,0,0,772.249,1351.6,0,0,0.000330759,0.00124846,0,0,
2254.00,50,50,235.702,62.7205,0,0,0,0,76.6897,99.016,0,0,7.81659e+08,1.72308e+09,0,0,112790,131864,0,0,4.43099e+06,4.55218e+06,0,0,1470.74,1331.74,0,0,772.383,1351.73,0,0,0.000327531,0.00124922,0,0,
2282.00,50,50,235.226,62.7154,0,0,0,0,76.5766,98.863,0,0,7.84811e+08,1.72677e+09,0,0,112371,131655,0,0,4.47212e+06,4.58947e+06,0,0,1467.44,1331.69,0,0,772.502,1351.88,0,0,0.000324617,0.00125004,0,0,
2313.00,50,50,234.703,62.7092,0,0,0,0,76.4547,97.9738,0,0,7.88286e+08,1.73083e+09,0,0,111909,130684,0,0,4.51755e+06,4.63077e+06,0,0,1463.73,1333.86,0,0,772.632,1352.76,0,0,0.000321388,0.00125047,0,0,
2343.00,50,50,234.199,62.7075,0,0,0,0,76.3319,97.0135,0,0,7.91636e+08,1.73474e+09,0,0,111466,129996,0,0,4.5614e+06,4.6709e+06,0,0,1460.28,1339.98,0,0,772.762,1353.88,0,0,0.000318276,0.00125015,0,0,
2374.00,50,50,233.682,62.7052,0,0,0,0,76.1927,96.3055,0,0,7.95083e+08,1.73876e+09,0,0,111000,129208,0,0,4.6066e+06,4.71248e+06,0,0,1456.84,1341.65,0,0,772.903,1354.56,0,0,0.000315083,0.00125098,0,0,
2404.00,50,50,233.185,62.7031,0,0,0,0,76.0815,95.8464,0,0,7.98406e+08,1.74263e+09,0,0,110585,128930,0,0,4.65025e+06,4.7528e+06,0,0,1453.51,1345.17,0,0,773.026,1355.03,0,0,0.000312027,0.00125189,0,0,
2435.00,50,50,232.676,62.6993,0,0,0,0,75.9636,95.7158,0,0,8.01826e+08,1.74663e+09,0,0,110139,128819,0,0,4.69525e+06,4.79452e+06,0,0,1449.89,1345.85,0,0,773.154,1355.08,0,0,0.000308905,0.00125381,0,0,
2466.00,50,50,232.173,62.6929,0,0,0,0,75.863,95.6518,0,0,8.05233e+08,1.75062e+09,0,0,109716,128664,0,0,4.74013e+06,4.83623e+06,0,0,1446.24,1345.13,0,0,773.27,1355.06,0,0,0.000305813,0.00125625,0,0,
2496.00,50,50,231.689,62.6843,0,0,0,0,75.7797,95.5881,0,0,8.08517e+08,1.75447e+09,0,0,109301,128456,0,0,4.78345e+06,4.87657e+06,0,0,1442.35,1343.85,0,0,773.373,1355.02,0,0,0.00030281,0.001259,0,0,
2527.00,50,50,231.194,62.6757,0,0,0,0,75.64,95.5119,0,0,8.11896e+08,1.75845e+09,0,0,108760,128196,0,0,4.82809e+06,4.9182e+06,0,0,1437.86,1342.2,0,0,773.507,1354.99,0,0,0.000299603,0.00126222,0,0,
2557.00,50,50,230.721,62.6653,0,0,0,0,75.4718,95.4363,0,0,8.1515e+08,1.76229e+09,0,0,108215,127932,0,0,4.87115e+06,4.95843e+06,0,0,1433.85,1340.5,0,0,773.659,1354.95,0,0,0.000296396,0.00126572,0,0,
2588.00,50,50,230.237,62.6556,0,0,0,0,75.2826,95.3635,0,0,8.18494e+08,1.76625e+09,0,0,107640,127665,0,0,4.91553e+06,4.99996e+06,0,0,1429.81,1338.72,0,0,773.825,1354.88,0,0,0.000293062,0.00126975,0,0,
2619.00,50,50,229.757,62.6448,0,0,0,0,75.1091,95.2973,0,0,8.21821e+08,1.77021e+09,0,0,107092,127384,0,0,4.95978e+06,5.04142e+06,0,0,1425.82,1336.7,0,0,773.981,1354.81,0,0,0.000289756,0.00127421,0,0,
2647.00,50,50,229.325,62.6358,0,0,0,0,74.9567,94.6677,0,0,8.24812e+08,1.77376e+09,0,0,106600,126401,0,0,4.99965e+06,5.07881e+06,0,0,1422.16,1335.21,0,0,774.118,1355.71,0,0,0.000286789,0.00127772,0,0,
2678.00,50,50,228.849,62.6288,0,0,0,0,74.7751,94.4247,0,0,8.28107e+08,1.77767e+09,0,0,106052,126191,0,0,5.04366e+06,5.12024e+06,0,0,1418.28,1336.42,0,0,774.279,1355.85,0,0,0.00028353,0.00128249,0,0,
2708.00,50,50,228.393,62.6209,0,0,0,0,74.5964,94.3614,0,0,8.31279e+08,1.78146e+09,0,0,105525,126035,0,0,5.08615e+06,5.16032e+06,0,0,1414.61,1335.67,0,0,774.436,1355.73,0,0,0.000280411,0.00128803,0,0,
2731.00,50,50,228.048,62.614,0,0,0,0,74.4656,94.3311,0,0,8.33701e+08,1.78435e+09,0,0,105134,125886,0,0,5.11865e+06,5.19103e+06,0,0,1411.85,1334.52,0,0,774.552,1355.61,0,0,0.000278033,0.00129266,0,0,
2739.00,50,50,227.928,62.6116,0,0,0,0,74.4197,94.3188,0,0,8.34541e+08,1.78536e+09,0,0,104997,125830,0,0,5.12994e+06,5.2017e+06,0,0,1410.87,1334.09,0,0,774.592,1355.57,0,0,0.00027721,0.00129435,0,0,
2769.00,50,50,227.481,62.6009,0,0,0,0,74.2495,94.2742,0,0,8.37682e+08,1.78913e+09,0,0,104486,125608,0,0,5.1722e+06,5.24169e+06,0,0,1407.22,1332.37,0,0,774.743,1355.4,0,0,0.000274146,0.00130119,0,0,
2800.00,50,50,227.022,62.5913,0,0,0,0,74.0792,94.2091,0,0,8.40912e+08,1.79302e+09,0,0,103963,125355,0,0,5.21576e+06,5.28296e+06,0,0,1403.4,1330.6,0,0,774.893,1355.21,0,0,0.000271026,0.00130915,0,0,
2831.00,50,50,226.563,62.581,0,0,0,0,73.9178,94.1471,0,0,8.44126e+08,1.7969e+09,0,0,103457,125098,0,0,5.2592e+06,5.32418e+06,0,0,1399.62,1328.75,0,0,775.038,1354.97,0,0,0.000267943,0.00131817,0,0,
2861.00,50,50,226.121,62.5705,0,0,0,0,73.7662,94.0665,0,0,8.47222e+08,1.80065e+09,0,0,102970,124829,0,0,5.30112e+06,5.36401e+06,0,0,1395.9,1327.03,0,0,775.176,1354.72,0,0,0.00026497,0.00132799,0,0,
2892.00,50,50,225.677,62.5607,0,0,0,0,73.5857,93.9229,0,0,8.50404e+08,1.80451e+09,0,0,102439,124485,0,0,5.34433e+06,5.40512e+06,0,0,1392.11,1325.39,0,0,775.331,1354.52,0,0,0.00026189,0.00133927,0,0,
2922.00,50,50,225.255,62.5519,0,0,0,0,73.4163,93.4107,0,0,8.53469e+08,1.80824e+09,0,0,101955,123848,0,0,5.38603e+06,5.44488e+06,0,0,1388.72,1325.84,0,0,775.48,1354.86,0,0,0.000258937,0.00135074,0,0,
2953.00,50,50,224.822,62.5448,0,0,0,0,73.2309,93.1935,0,0,8.56621e+08,1.81207e+09,0,0,101450,123591,0,0,5.42902e+06,5.486e+06,0,0,1385.34,1326.18,0,0,775.639,1354.62,0,0,0.000255951,0.00136411,0,0,
2984.00,50,50,224.392,62.536,0,0,0,0,73.0587,93.1397,0,0,8.59757e+08,1.8159e+09,0,0,100965,123419,0,0,5.47191e+06,5.52709e+06,0,0,1381.98,1325.09,0,0,775.791,1354.11,0,0,0.000253043,0.00137924,0,0,
3012.00,50,50,224.012,62.5274,0,0,0,0,72.901,93.1195,0,0,8.62577e+08,1.81935e+09,0,0,100524,123249,0,0,5.51055e+06,5.56417e+06,0,0,1378.92,1323.56,0,0,775.927,1353.56,0,0,0.000250439,0.0013942,0,0,
3043.00,50,50,223.592,62.5173,0,0,0,0,72.735,93.1028,0,0,8.65685e+08,1.82317e+09,0,0,100061,123053,0,0,5.55324e+06,5.60517e+06,0,0,1375.69,1321.69,0,0,776.075,1352.89,0,0,0.000247597,0.00141214,0,0,
3073.00,50,50,223.184,62.5069,0,0,0,0,72.5866,93.0912,0,0,8.68679e+08,1.82686e+09,0,0,99621.8,122866,0,0,5.59446e+06,5.64479e+06,0,0,1372.45,1319.84,0,0,776.208,1352.18,0,0,0.000244888,0.00143086,0,0,
3104.00,50,50,222.775,62.4969,0,0,0,0,72.4182,93.105,0,0,8.71759e+08,1.83066e+09,0,0,99146.8,122691,0,0,5.63694e+06,5.68566e+06,0,0,1369.09,1317.77,0,0,776.355,1351.35,0,0,0.000242081,0.00145167,0,0,
3134.00,50,50,222.379,62.4859,0,0,0,0,72.2754,93.1347,0,0,8.74726e+08,1.83434e+09,0,0,98727.9,122528,0,0,5.67796e+06,5.72516e+06,0,0,1366,1315.6,0,0,776.486,1350.48,0,0,0.000239404,0.00147332,0,0,
3165.00,50,50,221.975,62.4762,0,0,0,0,72.1288,93.1632,0,0,8.77779e+08,1.83814e+09,0,0,98280.8,122325,0,0,5.72025e+06,5.7659e+06,0,0,1362.57,1313.02,0,0,776.618,1349.51,0,0,0.000236667,0.00149738,0,0,
3196.00,50,50,221.584,62.4674,0,0,0,0,71.9686,93.1376,0,0,8.80817e+08,1.84192e+09,0,0,97825.6,122036,0,0,5.76243e+06,5.80655e+06,0,0,1359.28,1310.28,0,0,776.759,1348.54,0,0,0.00023393,0.00152322,0,0,
3226.00,50,50,221.208,62.4593,0,0,0,0,71.8174,93.0598,0,0,8.83745e+08,1.84558e+09,0,0,97407.4,121729,0,0,5.80316e+06,5.84582e+06,0,0,1356.32,1308.07,0,0,776.893,1347.56,0,0,0.000231337,0.00155021,0,0,
3257.00,50,50,220.82,62.4508,0,0,0,0,71.6896,92.9889,0,0,8.86758e+08,1.84935e+09,0,0,97016.4,121448,0,0,5.84515e+06,5.88634e+06,0,0,1353.28,1306.05,0,0,777.015,1346.4,0,0,0.000228738,0.00158066,0,0,
3287.00,50,50,220.454,62.4423,0,0,0,0,71.6748,92.9604,0,0,8.89664e+08,1.85299e+09,0,0,96855.5,121216,0,0,5.88571e+06,5.92548e+06,0,0,1351.32,1303.96,0,0,777.077,1345.12,0,0,0.000226364,0.00161286,0,0,
3318.00,50,50,220.072,62.4349,0,0,0,0,71.9341,92.9547,0,0,8.9267e+08,1.85674e+09,0,0,97049.8,121013,0,0,5.92757e+06,5.96587e+06,0,0,1349.15,1301.85,0,0,776.983,1343.68,0,0,0.000224314,0.00164884,0,0,
3341.00,50,50,219.794,62.429,0,0,0,0,72.175,92.9662,0,0,8.94904e+08,1.85952e+09,0,0,97170.6,120905,0,0,5.95856e+06,5.99579e+06,0,0,1346.32,1300.53,0,0,776.878,1342.53,0,0,0.000222897,0.00167725,0,0,
3349.00,50,50,219.696,62.4272,0,0,0,0,72.2432,92.9796,0,0,8.95681e+08,1.86049e+09,0,0,97185,120885,0,0,5.96932e+06,6.00619e+06,0,0,1345.25,1300.12,0,0,776.85,1342.11,0,0,0.000222382,0.00168746,0,0,
3378.00,50,50,219.346,62.4205,0,0,0,0,72.3736,93.0884,0,0,8.98498e+08,1.864e+09,0,0,97025.5,120925,0,0,6.00826e+06,6.04388e+06,0,0,1340.62,1299.03,0,0,776.814,1340.51,0,0,0.00022032,0.00172586,0,0,
3409.00,50,50,218.983,62.4143,0,0,0,0,72.289,93.3432,0,0,9.01499e+08,1.86775e+09,0,0,96628.3,121174,0,0,6.04974e+06,6.08413e+06,0,0,1336.69,1298.16,0,0,776.914,1338.58,0,0,0.000217751,0.00176928,0,0,
3439.00,50,50,218.636,62.4074,0,0,0,0,72.4063,93.7106,0,0,9.04397e+08,1.87139e+09,0,0,96727,121514,0,0,6.08982e+06,6.12305e+06,0,0,1335.89,1296.69,0,0,776.915,1336.51,0,0,0.000215532,0.00181345,0,0,
3470.00,50,50,218.227,62.3997,0,0,0,0,76.7072,94.085,0,0,9.07505e+08,1.87516e+09,0,0,106715,121791,0,0,6.13188e+06,6.16321e+06,0,0,1391.2,1294.48,0,0,774.927,1334.36,0,0,0.000217779,0.00186083,0,0,
3500.00,50,50,217.75,62.391,0,0,0,0,95.1542,94.1262,0,0,9.11171e+08,1.87882e+09,0,0,132926,121669,0,0,6.17411e+06,6.20201e+06,0,0,1396.95,1292.62,0,0,766.019,1332.57,0,0,0.00023443,0.00190775,0,0,
3531.00,50,50,217.288,62.3801,0,0,0,0,108.841,94.1489,0,0,9.15526e+08,1.88258e+09,0,0,143229,121319,0,0,6.21593e+06,6.24202e+06,0,0,1315.95,1288.59,0,0,760.121,1330.67,0,0,0.000242689,0.00195736,0,0,
3558.00,50,50,216.931,62.3666,0,0,0,0,110.571,94.2608,0,0,9.19367e+08,1.88585e+09,0,0,140797,120898,0,0,6.25072e+06,6.27672e+06,0,0,1273.37,1282.59,0,0,759.517,1328.92,0,0,0.000236413,0.0020015,0,0,
3559.00,50,50,216.919,62.3661,0,0,0,0,110.539,94.2643,0,0,9.19507e+08,1.88597e+09,0,0,140635,120882,0,0,6.25199e+06,6.278e+06,0,0,1272.26,1282.37,0,0,759.541,1328.86,0,0,0.000236017,0.00200313,0,0,
3562.00,50,50,216.881,62.3645,0,0,0,0,110.387,94.2756,0,0,9.19928e+08,1.88633e+09,0,0,140133,120829,0,0,6.2558e+06,6.28185e+06,0,0,1269.47,1281.65,0,0,759.628,1328.67,0,0,0.000234773,0.00200807,0,0,
3592.00,50,50,216.513,62.3476,0,0,0,0,107.908,94.2327,0,0,9.24052e+08,1.88995e+09,0,0,135799,120220,0,0,6.29362e+06,6.32019e+06,0,0,1258.46,1275.78,0,0,761.001,1326.83,0,0,0.000221048,0.00205775,0,0,
3623.00,50,50,216.142,62.3341,0,0,0,0,106.163,94.0335,0,0,9.28224e+08,1.89366e+09,0,0,134118,119619,0,0,6.33271e+06,6.35967e+06,0,0,1263.32,1272.09,0,0,762.041,1324.9,0,0,0.000210303,0.00211011,0,0,
3653.00,50,50,215.784,62.3225,0,0,0,0,106.307,93.8609,0,0,9.32254e+08,1.89725e+09,0,0,134700,119221,0,0,6.37069e+06,6.39779e+06,0,0,1267.09,1270.19,0,0,762.133,1322.75,0,0,0.00020536,0.00216698,0,0,
3684.00,50,50,215.407,62.3128,0,0,0,0,107.623,93.8063,0,0,9.36457e+08,1.90094e+09,0,0,136328,118985,0,0,6.40997e+06,6.43714e+06,0,0,1266.72,1268.41,0,0,761.656,1320.26,0,0,0.000203583,0.00223138,0,0,
3715.00,50,50,215.033,62.3026,0,0,0,0,109.644,93.8315,0,0,9.40722e+08,1.90462e+09,0,0,138581,118817,0,0,6.44919e+06,6.47642e+06,0,0,1263.92,1266.28,0,0,760.866,1317.64,0,0,0.000203289,0.00229856,0,0,
3743.00,50,50,214.698,62.2931,0,0,0,0,111.631,93.8707,0,0,9.44636e+08,1.90795e+09,0,0,140603,118653,0,0,6.48451e+06,6.51184e+06,0,0,1259.53,1264,0,0,760.103,1315.26,0,0,0.000203422,0.00235991,0,0,
3774.00,50,50,214.328,62.2819,0,0,0,0,113.798,93.8987,0,0,9.49032e+08,1.91162e+09,0,0,142675,118434,0,0,6.52345e+06,6.55098e+06,0,0,1253.76,1261.29,0,0,759.355,1312.84,0,0,0.000203641,0.00242704,0,0,
3804.00,50,50,213.974,62.2702,0,0,0,0,115.674,93.9092,0,0,9.53343e+08,1.91517e+09,0,0,144370,118194,0,0,6.56097e+06,6.58877e+06,0,0,1248.07,1258.59,0,0,758.694,1310.57,0,0,0.000204714,0.00249101,0,0,
3835.00,50,50,213.612,62.2587,0,0,0,0,117.464,93.9078,0,0,9.57847e+08,1.91883e+09,0,0,145978,117931,0,0,6.59956e+06,6.62774e+06,0,0,1242.75,1255.82,0,0,758.047,1308.28,0,0,0.000206656,0.00255574,0,0,
3865.00,50,50,213.269,62.2465,0,0,0,0,119.081,93.9046,0,0,9.62252e+08,1.92236e+09,0,0,147413,117682,0,0,6.63676e+06,6.66537e+06,0,0,1237.92,1253.21,0,0,757.449,1306.12,0,0,0.000209092,0.0026169,0,0,
3896.00,50,50,212.918,62.2347,0,0,0,0,120.705,93.9074,0,0,9.66848e+08,1.92601e+09,0,0,148900,117434,0,0,6.67505e+06,6.70417e+06,0,0,1233.59,1250.53,0,0,756.841,1304.21,0,0,0.000212016,0.00272873,0,0,
3927.00,50,50,212.569,62.2223,0,0,0,0,122.41,93.9101,0,0,9.71492e+08,1.92964e+09,0,0,150549,117205,0,0,6.71323e+06,6.74289e+06,0,0,1229.88,1248.06,0,0,756.199,1303.12,0,0,0.000215276,0.00282329,0,0,
3957.00,50,50,212.233,62.2096,0,0,0,0,124.186,93.9205,0,0,9.76039e+08,1.93316e+09,0,0,152279,116995,0,0,6.75006e+06,6.78029e+06,0,0,1226.21,1245.68,0,0,755.527,1302.34,0,0,0.000218726,0.00289139,0,0,
3988.00,50,50,211.886,62.1972,0,0,0,0,126.145,93.9429,0,0,9.80794e+08,1.93678e+09,0,0,154204,116789,0,0,6.788e+06,6.81886e+06,0,0,1222.43,1243.19,0,0,754.787,1301.61,0,0,0.000222565,0.00295382,0,0,
4018.00,50,50,211.551,62.184,0,0,0,0,128.18,93.9625,0,0,9.85454e+08,1.94028e+09,0,0,156185,116581,0,0,6.82461e+06,6.85612e+06,0,0,1218.48,1240.72,0,0,754.018,1300.95,0,0,0.000226554,0.00301165,0,0,
4049.00,50,50,211.209,62.1712,0,0,0,0,130.413,93.997,0,0,9.90333e+08,1.94389e+09,0,0,158291,116384,0,0,6.8623e+06,6.89453e+06,0,0,1213.77,1238.16,0,0,753.172,1300.27,0,0,0.000231072,0.00307074,0,0,
4080.00,50,50,210.866,62.1578,0,0,0,0,132.607,94.0235,0,0,9.95277e+08,1.94749e+09,0,0,160352,116170,0,0,6.89984e+06,6.93287e+06,0,0,1209.22,1235.54,0,0,752.332,1299.6,0,0,0.000235981,0.00312899,0,0,
4108.00,50,50,210.559,62.1459,0,0,0,0,134.554,94.047,0,0,9.99797e+08,1.95074e+09,0,0,162163,115977,0,0,6.93363e+06,6.96742e+06,0,0,1205.19,1233.18,0,0,751.581,1299.01,0,0,0.000240763,0.00318094,0,0,
4139.00,50,50,210.22,62.1326,0,0,0,0,136.685,94.0735,0,0,1.00486e+09,1.95433e+09,0,0,164156,115764,0,0,6.97092e+06,7.00561e+06,0,0,1200.98,1230.57,0,0,750.75,1298.36,0,0,0.000246467,0.00323765,0,0,
4169.00,50,50,209.895,62.1193,0,0,0,0,138.796,94.0981,0,0,1.00982e+09,1.9578e+09,0,0,166098,115558,0,0,7.00687e+06,7.04248e+06,0,0,1196.7,1228.06,0,0,749.986,1297.75,0,0,0.000252963,0.00329161,0,0,
4200.00,50,50,209.561,62.1062,0,0,0,0,140.938,94.1267,0,0,1.015e+09,1.96138e+09,0,0,168038,115344,0,0,7.04389e+06,7.0805e+06,0,0,1192.29,1225.41,0,0,749.182,1297.12,0,0,0.000263866,0.00334638,0,0,
4230.00,50,50,209.239,62.0925,0,0,0,0,142.945,94.144,0,0,1.02007e+09,1.96484e+09,0,0,169831,115124,0,0,7.07959e+06,7.11722e+06,0,0,1188.09,1222.85,0,0,748.363,1296.52,0,0,0.000277487,0.00339838,0,0,
4261.00,50,50,208.91,62.0792,0,0,0,0,145.007,94.1591,0,0,1.02537e+09,1.9684e+09,0,0,171688,114895,0,0,7.11634e+06,7.15508e+06,0,0,1183.99,1220.22,0,0,747.487,1295.93,0,0,0.000293638,0.00345106,0,0,
4292.00,50,50,208.584,62.0653,0,0,0,0,147.101,94.1685,0,0,1.03073e+09,1.97196e+09,0,0,173550,114662,0,0,7.15297e+06,7.19286e+06,0,0,1179.8,1217.63,0,0,746.57,1295.35,0,0,0.000311761,0.00350274,0,0,
4322.00,50,50,208.272,62.0515,0,0,0,0,149.127,94.1672,0,0,1.03596e+09,1.9754e+09,0,0,175323,114426,0,0,7.18829e+06,7.22935e+06,0,0,1175.66,1215.14,0,0,745.647,1294.81,0,0,0.000331534,0.00355182,0,0,
4353.00,50,50,207.951,62.038,0,0,0,0,151.24,94.1553,0,0,1.04143e+09,1.97894e+09,0,0,177199,114173,0,0,7.22467e+06,7.26697e+06,0,0,1171.64,1212.61,0,0,744.654,1294.27,0,0,0.000355086,0.00360159,0,0,
4383.00,50,50,207.643,62.0241,0,0,0,0,153.339,94.1404,0,0,1.04678e+09,1.98236e+09,0,0,179089,113935,0,0,7.25975e+06,7.30331e+06,0,0,1167.93,1210.26,0,0,743.687,1293.75,0,0,0.000382077,0.00364888,0,0,
4414.00,50,50,207.327,62.0109,0,0,0,0,155.587,94.1298,0,0,1.05237e+09,1.98589e+09,0,0,181120,113692,0,0,7.29589e+06,7.34078e+06,0,0,1164.11,1207.83,0,0,742.582,1293.23,0,0,0.00041496,0.00369685,0,0,
4445.00,50,50,207.015,61.9975,0,0,0,0,157.892,94.1218,0,0,1.05802e+09,1.98941e+09,0,0,183144,113454,0,0,7.3319e+06,7.37818e+06,0,0,1159.94,1205.4,0,0,741.364,1292.71,0,0,0.000453631,0.00374396,0,0,
4473.00,50,50,206.736,61.9855,0,0,0,0,159.943,94.1092,0,0,1.06318e+09,1.99258e+09,0,0,184889,113237,0,0,7.36432e+06,7.4119e+06,0,0,1155.97,1203.25,0,0,740.179,1292.26,0,0,0.000494078,0.00378573,0,0,
4504.00,50,50,206.43,61.9721,0,0,0,0,162.139,94.0986,0,0,1.06894e+09,1.99609e+09,0,0,186698,113005,0,0,7.40007e+06,7.44916e+06,0,0,1151.47,1200.92,0,0,738.725,1291.76,0,0,0.000548004,0.00383113,0,0,
4534.00,50,50,206.137,61.9585,0,0,0,0,164.189,94.0912,0,0,1.07457e+09,1.99947e+09,0,0,188364,112785,0,0,7.43454e+06,7.48515e+06,0,0,1147.24,1198.68,0,0,737.124,1291.26,0,0,0.000612378,0.00387634,0,0,
4565.00,50,50,205.84,61.9453,0,0,0,0,166.274,94.0861,0,0,1.08044e+09,2.00297e+09,0,0,190040,112555,0,0,7.47003e+06,7.52226e+06,0,0,1142.93,1196.3,0,0,735.177,1290.71,0,0,0.000695962,0.00392585,0,0,
4595.00,50,50,205.552,61.9317,0,0,0,0,168.234,94.0635,0,0,1.08617e+09,2.00634e+09,0,0,191568,112317,0,0,7.50424e+06,7.55811e+06,0,0,1138.7,1194.06,0,0,732.995,1290.18,0,0,0.000794825,0.00397414,0,0,
4626.00,50,50,205.258,61.9186,0,0,0,0,170.26,94.0272,0,0,1.09214e+09,2.00982e+09,0,0,193158,112067,0,0,7.53946e+06,7.59509e+06,0,0,1134.49,1191.85,0,0,730.45,1289.65,0,0,0.000914928,0.00402343,0,0,
4657.00,50,50,204.967,61.9054,0,0,0,0,172.336,93.987,0,0,1.09815e+09,2.01329e+09,0,0,194827,111821,0,0,7.57456e+06,7.632e+06,0,0,1130.51,1189.75,0,0,727.593,1289.12,0,0,0.00105471,0.00407177,0,0,
4687.00,50,50,204.687,61.8925,0,0,0,0,174.422,93.9421,0,0,1.10403e+09,2.01664e+09,0,0,196475,111587,0,0,7.60841e+06,7.66766e+06,0,0,1126.43,1187.83,0,0,724.461,1288.64,0,0,0.00121387,0.00411752,0,0,
4718.00,50,50,204.4,61.8803,0,0,0,0,176.551,93.8945,0,0,1.11015e+09,2.02009e+09,0,0,198052,111355,0,0,7.64324e+06,7.70445e+06,0,0,1121.78,1185.96,0,0,720.956,1288.15,0,0,0.00140443,0.00416364,0,0,
4748.00,50,50,204.126,61.8676,0,0,0,0,178.581,93.87,0,0,1.11611e+09,2.02343e+09,0,0,199523,111164,0,0,7.67682e+06,7.74e+06,0,0,1117.27,1184.23,0,0,717.131,1287.67,0,0,0.00166624,0.00420707,0,0,
4779.00,50,50,203.843,61.8543,0,0,0,0,180.744,93.86,0,0,1.12233e+09,2.02687e+09,0,0,201051,110974,0,0,7.71137e+06,7.77667e+06,0,0,1112.35,1182.34,0,0,711.833,1287.19,0,0,0.0020177,0.00425069,0,0,
4810.00,50,50,203.561,61.8409,0,0,0,0,182.985,93.8419,0,0,1.12859e+09,2.03031e+09,0,0,202567,110778,0,0,7.74576e+06,7.81329e+06,0,0,1107.01,1180.48,0,0,704.722,1286.72,0,0,0.00247908,0.00429305,0,0,
4839.00,50,50,203.296,61.8286,0,0,0,0,185.186,93.8126,0,0,1.13448e+09,2.03352e+09,0,0,204003,110587,0,0,7.77777e+06,7.8475e+06,0,0,1101.61,1178.81,0,0,696.019,1286.31,0,0,0.00304656,0.00433157,0,0,
4870.00,50,50,203.015,61.8152,0,0,0,0,187.888,93.764,0,0,1.14084e+09,2.03694e+09,0,0,205661,110377,0,0,7.8118e+06,7.88401e+06,0,0,1094.59,1177.18,0,0,683.386,1285.89,0,0,0.00395281,0.00437163,0,0,
4900.00,50,50,202.743,61.8026,0,0,0,0,190.681,93.6956,0,0,1.14704e+09,2.04025e+09,0,0,207375,110170,0,0,7.84451e+06,7.9193e+06,0,0,1087.55,1175.83,0,0,667.439,1285.51,0,0,0.00519367,0.00440941,0,0,
4931.00,50,50,202.461,61.7903,0,0,0,0,193.508,93.5994,0,0,1.1535e+09,2.04366e+09,0,0,209279,109950,0,0,7.87812e+06,7.95573e+06,0,0,1081.5,1174.68,0,0,653.871,1285.15,0,0,0.00775276,0.00444758,0,0,
4961.00,50,50,202.189,61.7784,0,0,0,0,196.511,93.5099,0,0,1.15981e+09,2.04696e+09,0,0,211068,109758,0,0,7.91044e+06,7.99096e+06,0,0,1074.08,1173.76,0,0,641.152,1284.79,0,0,0.0103117,0.00448364,0,0,
4992.00,50,50,201.909,61.7663,0,0,0,0,199.652,93.4368,0,0,1.16638e+09,2.05035e+09,0,0,212840,109568,0,0,7.94359e+06,8.02732e+06,0,0,1066.06,1172.64,0,0,627.842,1284.43,0,0,0.0130614,0.00451997,0,0,
5023.00,50,50,201.632,61.7541,0,0,0,0,202.824,93.363,0,0,1.17301e+09,2.05375e+09,0,0,214573,109371,0,0,7.9765e+06,8.06366e+06,0,0,1057.93,1171.46,0,0,614.382,1284.08,0,0,0.01595,0.00455523,0,0,
5053.00,50,50,201.366,61.7421,0,0,0,0,205.908,93.2833,0,0,1.17948e+09,2.05703e+09,0,0,216309,109169,0,0,8.00811e+06,8.09878e+06,0,0,1050.51,1170.3,0,0,602.003,1283.76,0,0,0.0188545,0.00458829,0,0,
5084.00,50,50,201.092,61.7302,0,0,0,0,208.84,93.1936,0,0,1.18622e+09,2.06041e+09,0,0,218082,108954,0,0,8.04055e+06,8.13504e+06,0,0,1044.25,1169.11,0,0,592.614,1283.44,0,0,0.0220016,0.00462248,0,0,
5114.00,50,50,200.827,61.7185,0,0,0,0,211.693,93.1157,0,0,1.19279e+09,2.06367e+09,0,0,219840,108753,0,0,8.07178e+06,8.17009e+06,0,0,1038.49,1167.93,0,0,585.517,1283.09,0,0,0.0245568,0.0046583,0,0,
5145.00,50,50,200.544,61.7067,0,0,0,0,214.782,93.052,0,0,1.19964e+09,2.06704e+09,0,0,221757,108553,0,0,8.10387e+06,8.20627e+06,0,0,1032.48,1166.59,0,0,578.624,1282.73,0,0,0.0270597,0.00469444,0,0,
5176.00,50,50,200.278,61.6946,0,0,0,0,217.992,92.9967,0,0,1.20655e+09,2.0704e+09,0,0,223778,108359,0,0,8.13577e+06,8.24241e+06,0,0,1026.54,1165.19,0,0,571.942,1282.38,0,0,0.029529,0.00472861,0,0,
5204.00,50,50,200.03,61.6838,0,0,0,0,220.984,92.9536,0,0,1.21285e+09,2.07343e+09,0,0,225639,108187,0,0,8.16442e+06,8.27502e+06,0,0,1021.06,1163.88,0,0,566.15,1282.09,0,0,0.031697,0.00475769,0,0,
5235.00,50,50,199.754,61.6711,0,0,0,0,224.351,92.9105,0,0,1.21988e+09,2.07678e+09,0,0,227751,107993,0,0,8.19597e+06,8.31107e+06,0,0,1015.16,1162.33,0,0,560.173,1281.79,0,0,0.0339601,0.00478808,0,0,
5265.00,50,50,199.487,61.6587,0,0,0,0,227.594,92.8674,0,0,1.22675e+09,2.08002e+09,0,0,229759,107797,0,0,8.22633e+06,8.34591e+06,0,0,1009.51,1160.76,0,0,554.787,1281.51,0,0,0.0360427,0.00481586,0,0,
5296.00,50,50,199.212,61.6466,0,0,0,0,230.888,92.8226,0,0,1.2339e+09,2.08336e+09,0,0,231782,107592,0,0,8.25752e+06,8.38187e+06,0,0,1003.87,1159.11,0,0,549.829,1281.25,0,0,0.0380983,0.00484308,0,0,
5326.00,50,50,198.945,61.634,0,0,0,0,234.085,92.7805,0,0,1.24089e+09,2.08658e+09,0,0,233731,107391,0,0,8.28754e+06,8.41661e+06,0,0,998.484,1157.48,0,0,545.292,1281.01,0,0,0.0399919,0.00486815,0,0,
5357.00,50,50,198.67,61.6216,0,0,0,0,237.331,92.7404,0,0,1.24817e+09,2.08991e+09,0,0,235690,107179,0,0,8.3184e+06,8.45246e+06,0,0,993.084,1155.69,0,0,540.833,1280.77,0,0,0.0418696,0.0048928,0,0,
5388.00,50,50,198.396,61.6095,0,0,0,0,240.523,92.6976,0,0,1.25551e+09,2.09322e+09,0,0,237589,106967,0,0,8.34909e+06,8.48826e+06,0,0,987.803,1153.94,0,0,536.63,1280.55,0,0,0.043662,0.00491629,0,0,
5418.00,50,50,198.13,61.6018,0,0,0,0,243.49,92.6505,0,0,1.26267e+09,2.09643e+09,0,0,239349,106776,0,0,8.37864e+06,8.52285e+06,0,0,982.993,1152.46,0,0,533.182,1280.34,0,0,0.045454,0.00493812,0,0,
5449.00,50,50,197.847,61.6106,0,0,0,0,246.314,92.549,0,0,1.27012e+09,2.09974e+09,0,0,241145,106647,0,0,8.40903e+06,8.55856e+06,0,0,979.016,1152.33,0,0,530.173,1280.18,0,0,0.0471567,0.00496058,0,0,
5479.00,50,50,197.589,61.6375,0,0,0,0,249.249,92.4554,0,0,1.27739e+09,2.10294e+09,0,0,243138,106781,0,0,8.43834e+06,8.59317e+06,0,0,975.483,1154.95,0,0,527.221,1280.01,0,0,0.0488199,0.00498295,0,0,
5510.00,50,50,197.313,61.6698,0,0,0,0,252.385,92.6064,0,0,1.28497e+09,2.10626e+09,0,0,245167,107355,0,0,8.46851e+06,8.62905e+06,0,0,971.402,1159.26,0,0,524.131,1279.65,0,0,0.0505754,0.00500659,0,0,
5541.00,50,50,197.036,61.6962,0,0,0,0,255.422,93.1637,0,0,1.2926e+09,2.1096e+09,0,0,247049,108326,0,0,8.49855e+06,8.66506e+06,0,0,967.218,1162.75,0,0,521.109,1279.03,0,0,0.0523154,0.00502998,0,0,
5569.00,50,50,196.787,61.7087,0,0,0,0,258.173,93.9469,0,0,1.29954e+09,2.11265e+09,0,0,248698,109348,0,0,8.52557e+06,8.69764e+06,0,0,963.3,1163.93,0,0,518.41,1278.33,0,0,0.0538762,0.00505024,0,0,
5600.00,50,50,196.512,61.713,0,0,0,0,261.293,94.9562,0,0,1.30729e+09,2.11606e+09,0,0,250555,110432,0,0,8.55535e+06,8.73371e+06,0,0,958.902,1162.98,0,0,515.548,1277.52,0,0,0.0555302,0.00507081,0,0,
5630.00,50,50,196.244,61.7082,0,0,0,0,264.453,95.9328,0,0,1.31484e+09,2.11939e+09,0,0,252459,111301,0,0,8.58405e+06,8.76855e+06,0,0,954.647,1160.19,0,0,512.873,1276.77,0,0,0.0570719,0.00508859,0,0,
5661.00,50,50,195.967,61.6987,0,0,0,0,267.956,96.8296,0,0,1.3227e+09,2.12285e+09,0,0,254638,111982,0,0,8.61356e+06,8.80445e+06,0,0,950.298,1156.48,0,0,510.219,1276.11,0,0,0.058587,0.00510503,0,0,
5691.00,50,50,195.698,61.6888,0,0,0,0,271.436,97.5497,0,0,1.33038e+09,2.12622e+09,0,0,256757,112440,0,0,8.642e+06,8.83908e+06,0,0,945.921,1152.65,0,0,507.779,1275.58,0,0,0.0599726,0.00511939,0,0,
5722.00,50,50,195.424,61.6782,0,0,0,0,274.984,98.1667,0,0,1.33837e+09,2.12971e+09,0,0,258842,112789,0,0,8.67124e+06,8.87474e+06,0,0,941.296,1148.95,0,0,505.351,1275.11,0,0,0.0613578,0.00513313,0,0,
5753.00,50,50,195.151,61.6673,0,0,0,0,278.4,98.703,0,0,1.34643e+09,2.13321e+09,0,0,260754,113056,0,0,8.70033e+06,8.9103e+06,0,0,936.616,1145.42,0,0,503.047,1274.71,0,0,0.0626806,0.00514598,0,0,
5783.00,50,50,194.89,61.6564,0,0,0,0,281.713,99.1697,0,0,1.35429e+09,2.13661e+09,0,0,262647,113266,0,0,8.72836e+06,8.9446e+06,0,0,932.322,1142.14,0,0,500.847,1274.36,0,0,0.063949,0.00515776,0,0,
5814.00,50,50,194.62,61.6453,0,0,0,0,285.462,99.6178,0,0,1.36247e+09,2.14012e+09,0,0,265026,113464,0,0,8.75719e+06,8.97995e+06,0,0,928.411,1138.99,0,0,498.594,1274.02,0,0,0.0652339,0.00516939,0,0,
5844.00,50,50,194.357,61.6346,0,0,0,0,289.599,100.031,0,0,1.37047e+09,2.14353e+09,0,0,267913,113648,0,0,8.78498e+06,9.01407e+06,0,0,925.118,1136.13,0,0,496.503,1273.71,0,0,0.0664349,0.00518016,0,0,
5875.00,50,50,194.077,61.6231,0,0,0,0,294.486,100.452,0,0,1.37884e+09,2.14706e+09,0,0,271440,113848,0,0,8.8136e+06,9.04924e+06,0,0,921.741,1133.35,0,0,494.28,1273.4,0,0,0.0677113,0.00519086,0,0,
5906.00,50,50,193.791,61.6115,0,0,0,0,299.757,100.869,0,0,1.38732e+09,2.15059e+09,0,0,275252,114039,0,0,8.84211e+06,9.08432e+06,0,0,918.253,1130.56,0,0,492.17,1273.11,0,0,0.0688887,0.0052011,0,0,
5934.00,50,50,193.531,61.6007,0,0,0,0,304.623,101.238,0,0,1.39508e+09,2.15379e+09,0,0,278588,114195,0,0,8.86776e+06,9.11594e+06,0,0,914.532,1127.99,0,0,490.351,1272.85,0,0,0.0698904,0.00520973,0,0,
5941.00,50,50,193.465,61.5979,0,0,0,0,305.826,101.328,0,0,1.39704e+09,2.15459e+09,0,0,279382,114230,0,0,8.87416e+06,9.12383e+06,0,0,913.532,1127.33,0,0,489.906,1272.79,0,0,0.0701365,0.00521176,0,0,
5942.00,50,50,193.456,61.5978,0,0,0,0,305.992,101.339,0,0,1.39731e+09,2.1547e+09,0,0,279488,114238,0,0,8.87507e+06,9.12496e+06,0,0,913.383,1127.28,0,0,489.843,1272.78,0,0,0.0701723,0.00521203,0,0,
5965.00,50,50,193.241,61.5883,0,0,0,0,309.776,101.635,0,0,1.40378e+09,2.15733e+09,0,0,281818,114338,0,0,8.89603e+06,9.15085e+06,0,0,909.748,1124.99,0,0,488.41,1272.58,0,0,0.0709744,0.0052183,0,0,
5995.00,50,50,192.962,61.5758,0,0,0,0,314.316,101.994,0,0,1.41228e+09,2.16076e+09,0,0,284340,114439,0,0,8.92323e+06,9.18455e+06,0,0,904.631,1122.02,0,0,486.583,1272.35,0,0,0.0720275,0.00522544,0,0,
6026.00,50,50,192.674,61.5625,0,0,0,0,318.716,102.343,0,0,1.42113e+09,2.16431e+09,0,0,286694,114513,0,0,8.95119e+06,9.21928e+06,0,0,899.53,1118.92,0,0,484.723,1272.14,0,0,0.0731254,0.00523158,0,0,
6056.00,50,50,192.396,61.5496,0,0,0,0,322.862,102.649,0,0,1.42977e+09,2.16775e+09,0,0,288943,114554,0,0,8.97809e+06,9.25279e+06,0,0,894.943,1115.98,0,0,482.944,1271.97,0,0,0.0741862,0.00523632,0,0,
6087.00,50,50,192.107,61.5367,0,0,0,0,327.254,102.933,0,0,1.43877e+09,2.1713e+09,0,0,291454,114575,0,0,9.00576e+06,9.28734e+06,0,0,890.607,1113.1,0,0,481.133,1271.82,0,0,0.0752698,0.00524006,0,0,
6118.00,50,50,191.816,61.5237,0,0,0,0,331.786,103.201,0,0,1.44786e+09,2.17485e+09,0,0,294111,114588,0,0,9.03329e+06,9.32179e+06,0,0,886.448,1110.34,0,0,479.366,1271.7,0,0,0.0763627,0.00524265,0,0,
6148.00,50,50,191.534,61.5108,0,0,0,0,336.126,103.445,0,0,1.45672e+09,2.17829e+09,0,0,296593,114588,0,0,9.05981e+06,9.35506e+06,0,0,882.385,1107.71,0,0,477.681,1271.6,0,0,0.0774144,0.00524404,0,0,
6179.00,50,50,191.242,61.4974,0,0,0,0,340.435,103.689,0,0,1.46596e+09,2.18184e+09,0,0,298938,114577,0,0,9.08709e+06,9.38935e+06,0,0,878.105,1105.01,0,0,475.984,1271.52,0,0,0.078485,0.00524432,0,0,
6209.00,50,50,190.959,61.4841,0,0,0,0,344.445,103.917,0,0,1.47496e+09,2.18528e+09,0,0,301057,114557,0,0,9.11336e+06,9.42245e+06,0,0,874.034,1102.38,0,0,474.373,1271.46,0,0,0.0795124,0.00524347,0,0,
6240.00,50,50,190.668,61.4703,0,0,0,0,348.514,104.14,0,0,1.48433e+09,2.18883e+09,0,0,303170,114514,0,0,9.14038e+06,9.45658e+06,0,0,869.893,1099.62,0,0,472.723,1271.41,0,0,0.0805736,0.00524146,0,0,
6271.00,50,50,190.375,61.4567,0,0,0,0,352.553,104.343,0,0,1.49377e+09,2.19238e+09,0,0,305279,114456,0,0,9.16728e+06,9.49062e+06,0,0,865.909,1096.92,0,0,471.072,1271.39,0,0,0.0816419,0.00523833,0,0,
6300.00,50,50,190.101,61.4442,0,0,0,0,356.33,104.518,0,0,1.50266e+09,2.19569e+09,0,0,307278,114394,0,0,9.19233e+06,9.52238e+06,0,0,862.339,1094.49,0,0,469.539,1271.38,0,0,0.0826372,0.00523447,0,0,
6331.00,50,50,189.807,61.4311,0,0,0,0,360.407,104.696,0,0,1.51222e+09,2.19924e+09,0,0,309418,114324,0,0,9.21899e+06,9.55627e+06,0,0,858.524,1091.97,0,0,468.061,1271.39,0,0,0.0837344,0.00522943,0,0,
6361.00,50,50,189.522,61.4182,0,0,0,0,364.395,104.864,0,0,1.52154e+09,2.20267e+09,0,0,311492,114255,0,0,9.24468e+06,9.58899e+06,0,0,854.818,1089.55,0,0,466.672,1271.41,0,0,0.0847817,0.00522366,0,0,
6392.00,50,50,189.226,61.4053,0,0,0,0,368.681,105.037,0,0,1.53124e+09,2.20621e+09,0,0,313742,114183,0,0,9.27112e+06,9.62272e+06,0,0,850.985,1087.08,0,0,465.229,1271.43,0,0,0.085867,0.00521686,0,0,
6422.00,50,50,188.94,61.3928,0,0,0,0,372.968,105.204,0,0,1.54069e+09,2.20963e+09,0,0,316026,114116,0,0,9.29658e+06,9.65529e+06,0,0,847.326,1084.71,0,0,463.816,1271.46,0,0,0.0869273,0.0052095,0,0,
6453.00,50,50,188.64,61.3804,0,0,0,0,377.438,105.375,0,0,1.55053e+09,2.21317e+09,0,0,318314,114049,0,0,9.32278e+06,9.68887e+06,0,0,843.355,1082.31,0,0,462.335,1271.51,0,0,0.0880546,0.00520114,0,0,
6484.00,50,50,188.34,61.3687,0,0,0,0,381.775,105.558,0,0,1.56043e+09,2.2167e+09,0,0,320418,114002,0,0,9.34885e+06,9.72238e+06,0,0,839.286,1079.99,0,0,460.873,1271.55,0,0,0.0891786,0.00519201,0,0,
6514.00,50,50,188.051,61.3585,0,0,0,0,385.808,105.719,0,0,1.57008e+09,2.22012e+09,0,0,322247,113948,0,0,9.37396e+06,9.75474e+06,0,0,835.252,1077.84,0,0,459.482,1271.6,0,0,0.0902641,0.00518262,0,0,
6545.00,50,50,187.755,61.3496,0,0,0,0,389.819,105.883,0,0,1.5801e+09,2.22365e+09,0,0,323987,113917,0,0,9.39978e+06,9.78812e+06,0,0,831.121,1075.87,0,0,458.039,1271.66,0,0,0.0914115,0.00517236,0,0,
6575.00,50,50,187.468,61.3421,0,0,0,0,393.691,106.067,0,0,1.58985e+09,2.22707e+09,0,0,325685,113932,0,0,9.42464e+06,9.82037e+06,0,0,827.26,1074.15,0,0,456.623,1271.71,0,0,0.0925453,0.00516196,0,0,
6606.00,50,50,187.17,61.3348,0,0,0,0,397.788,106.294,0,0,1.59998e+09,2.23061e+09,0,0,327516,113996,0,0,9.45022e+06,9.85364e+06,0,0,823.344,1072.46,0,0,455.143,1271.73,0,0,0.0937329,0.00515074,0,0,
6637.00,50,50,186.872,61.3275,0,0,0,0,401.913,106.564,0,0,1.61016e+09,2.23414e+09,0,0,329386,114101,0,0,9.47567e+06,9.88685e+06,0,0,819.545,1070.73,0,0,453.658,1271.74,0,0,0.0949295,0.005139,0,0,
6665.00,50,50,186.602,61.3205,0,0,0,0,405.602,106.843,0,0,1.61941e+09,2.23734e+09,0,0,331011,114224,0,0,9.49857e+06,9.9168e+06,0,0,816.099,1069.08,0,0,452.325,1271.73,0,0,0.0960101,0.00512786,0,0,
6696.00,50,50,186.303,61.3124,0,0,0,0,409.667,107.179,0,0,1.6297e+09,2.24088e+09,0,0,332766,114375,0,0,9.5238e+06,9.94991e+06,0,0,812.285,1067.14,0,0,450.861,1271.72,0,0,0.0972016,0.00511495,0,0,
6726.00,50,50,186.016,61.304,0,0,0,0,413.6,107.517,0,0,1.63972e+09,2.24432e+09,0,0,334403,114508,0,0,9.5481e+06,9.98189e+06,0,0,808.518,1065.02,0,0,449.455,1271.7,0,0,0.0983489,0.00510173,0,0,
6757.00,50,50,185.719,61.2952,0,0,0,0,417.616,107.862,0,0,1.65011e+09,2.24787e+09,0,0,336016,114636,0,0,9.5731e+06,1.00149e+07,0,0,804.604,1062.8,0,0,448.025,1271.71,0,0,0.0995225,0.00508731,0,0,
6787.00,50,50,185.431,61.2865,0,0,0,0,421.436,108.192,0,0,1.66022e+09,2.25131e+09,0,0,337530,114753,0,0,9.59717e+06,1.00467e+07,0,0,800.904,1060.64,0,0,446.663,1271.72,0,0,0.100646,0.00507265,0,0,
6818.00,50,50,185.134,61.2773,0,0,0,0,425.439,108.528,0,0,1.67071e+09,2.25487e+09,0,0,339141,114868,0,0,9.62193e+06,1.00796e+07,0,0,797.154,1058.42,0,0,445.274,1271.74,0,0,0.101791,0.00505691,0,0,
6849.00,50,50,184.837,61.2678,0,0,0,0,429.441,108.865,0,0,1.68125e+09,2.25843e+09,0,0,340744,114977,0,0,9.64658e+06,1.01123e+07,0,0,793.458,1056.14,0,0,443.916,1271.76,0,0,0.102931,0.0050406,0,0,
6879.00,50,50,184.549,61.2581,0,0,0,0,433.347,109.189,0,0,1.6915e+09,2.26188e+09,0,0,342306,115072,0,0,9.67032e+06,1.0144e+07,0,0,789.913,1053.88,0,0,442.62,1271.79,0,0,0.10403,0.00502432,0,0,
6910.00,50,50,184.252,61.248,0,0,0,0,437.339,109.518,0,0,1.70214e+09,2.26545e+09,0,0,343901,115165,0,0,9.69474e+06,1.01766e+07,0,0,786.35,1051.56,0,0,441.313,1271.83,0,0,0.105142,0.00500701,0,0,
6940.00,50,50,183.963,61.2379,0,0,0,0,441.15,109.833,0,0,1.71249e+09,2.26891e+09,0,0,345436,115246,0,0,9.71827e+06,1.02081e+07,0,0,783.034,1049.28,0,0,440.09,1271.88,0,0,0.106181,0.00498981,0,0,
6971.00,50,50,183.655,61.2276,0,0,0,0,445.102,110.154,0,0,1.72322e+09,2.27248e+09,0,0,346996,115327,0,0,9.74249e+06,1.02406e+07,0,0,779.588,1046.96,0,0,438.831,1271.94,0,0,0.107254,0.00497161,0,0,
7002.00,50,50,183.366,61.217,0,0,0,0,449.027,110.474,0,0,1.73401e+09,2.27606e+09,0,0,348521,115405,0,0,9.76659e+06,1.0273e+07,0,0,776.17,1044.64,0,0,437.604,1272,0,0,0.108324,0.00495301,0,0,
7030.00,50,50,183.097,61.2074,0,0,0,0,452.642,110.758,0,0,1.74379e+09,2.27929e+09,0,0,349915,115466,0,0,9.78828e+06,1.03022e+07,0,0,773.051,1042.51,0,0,436.545,1272.06,0,0,0.109285,0.00493587,0,0,
7061.00,50,50,182.799,61.1969,0,0,0,0,456.573,111.063,0,0,1.75466e+09,2.28287e+09,0,0,351312,115527,0,0,9.81218e+06,1.03345e+07,0,0,769.454,1040.2,0,0,435.396,1272.15,0,0,0.110336,0.00491649,0,0,
7091.00,50,50,182.513,61.1867,0,0,0,0,460.235,111.352,0,0,1.76522e+09,2.28634e+09,0,0,352540,115581,0,0,9.8352e+06,1.03657e+07,0,0,766.001,1037.97,0,0,434.293,1272.23,0,0,0.111354,0.00489735,0,0,
7122.00,50,50,182.217,61.1762,0,0,0,0,463.974,111.647,0,0,1.77617e+09,2.28992e+09,0,0,353756,115637,0,0,9.85888e+06,1.03978e+07,0,0,762.448,1035.74,0,0,433.146,1272.33,0,0,0.112421,0.00487723,0,0,
7152.00,50,50,181.932,61.1659,0,0,0,0,467.548,111.932,0,0,1.78681e+09,2.29339e+09,0,0,354928,115690,0,0,9.8817e+06,1.04288e+07,0,0,759.128,1033.57,0,0,432.039,1272.42,0,0,0.113456,0.00485746,0,0,
7183.00,50,50,181.637,61.1555,0,0,0,0,471.278,112.226,0,0,1.79783e+09,2.29698e+09,0,0,356172,115751,0,0,9.90517e+06,1.04608e+07,0,0,755.758,1031.41,0,0,430.909,1272.52,0,0,0.114511,0.00483675,0,0,
7214.00,50,50,181.344,61.1451,0,0,0,0,475.062,112.514,0,0,1.8089e+09,2.30057e+09,0,0,357445,115798,0,0,9.92854e+06,1.04928e+07,0,0,752.418,1029.19,0,0,429.781,1272.63,0,0,0.115567,0.00481581,0,0,
7244.00,50,50,181.059,61.1353,0,0,0,0,478.87,112.782,0,0,1.81964e+09,2.30404e+09,0,0,358767,115834,0,0,9.95106e+06,1.05236e+07,0,0,749.196,1027.07,0,0,428.638,1272.74,0,0,0.116638,0.00479531,0,0,
7275.00,50,50,180.765,61.1257,0,0,0,0,482.868,113.043,0,0,1.83079e+09,2.30763e+09,0,0,360158,115868,0,0,9.97422e+06,1.05554e+07,0,0,745.872,1024.99,0,0,427.444,1272.87,0,0,0.11776,0.00477396,0,0,
7305.00,50,50,180.478,61.1168,0,0,0,0,486.728,113.3,0,0,1.84162e+09,2.31111e+09,0,0,361497,115917,0,0,9.99654e+06,1.05861e+07,0,0,742.71,1023.1,0,0,426.352,1272.98,0,0,0.118782,0.00475386,0,0,
7336.00,50,50,180.181,61.1083,0,0,0,0,490.804,113.58,0,0,1.85285e+09,2.31471e+09,0,0,362923,115998,0,0,1.00195e+07,1.06178e+07,0,0,739.447,1021.29,0,0,425.229,1273.08,0,0,0.119832,0.00473555,0,0,
7367.00,50,50,179.885,61.0999,0,0,0,0,495.01,113.872,0,0,1.86413e+09,2.3183e+09,0,0,364431,116082,0,0,1.00424e+07,1.06494e+07,0,0,736.209,1019.41,0,0,424.104,1273.16,0,0,0.120882,0.00471831,0,0,
7395.00,50,50,179.618,61.0924,0,0,0,0,498.9,114.148,0,0,1.87435e+09,2.32155e+09,0,0,365831,116170,0,0,1.00629e+07,1.06779e+07,0,0,733.274,1017.71,0,0,423.081,1273.23,0,0,0.121837,0.00470282,0,0,
7426.00,50,50,179.319,61.0842,0,0,0,0,503.247,114.476,0,0,1.88572e+09,2.32516e+09,0,0,367354,116295,0,0,1.00856e+07,1.07095e+07,0,0,729.966,1015.89,0,0,421.962,1273.3,0,0,0.122881,0.00468543,0,0,
7456.00,50,50,179.031,61.0761,0,0,0,0,507.663,114.814,0,0,1.89677e+09,2.32865e+09,0,0,369012,116429,0,0,1.01075e+07,1.07399e+07,0,0,726.883,1014.06,0,0,420.881,1273.35,0,0,0.123881,0.0046683,0,0,
7487.00,50,50,178.73,61.0679,0,0,0,0,512.355,115.173,0,0,1.90824e+09,2.33226e+09,0,0,370765,116566,0,0,1.01299e+07,1.07713e+07,0,0,723.648,1012.09,0,0,419.768,1273.41,0,0,0.124909,0.00465012,0,0,
7517.00,50,50,178.44,61.0596,0,0,0,0,516.881,115.525,0,0,1.91939e+09,2.33576e+09,0,0,372384,116694,0,0,1.01516e+07,1.08016e+07,0,0,720.444,1010.12,0,0,418.693,1273.48,0,0,0.125906,0.00463195,0,0,
7548.00,50,50,178.139,61.051,0,0,0,0,521.498,115.89,0,0,1.93097e+09,2.33938e+09,0,0,373943,116827,0,0,1.01739e+07,1.08329e+07,0,0,717.055,1008.08,0,0,417.581,1273.55,0,0,0.126947,0.00461262,0,0,
7579.00,50,50,177.837,61.0422,0,0,0,0,525.924,116.262,0,0,1.94258e+09,2.343e+09,0,0,375334,116956,0,0,1.0196e+07,1.08641e+07,0,0,713.666,1005.97,0,0,416.484,1273.62,0,0,0.127985,0.00459274,0,0,
7609.00,50,50,177.544,61.0334,0,0,0,0,530.016,116.637,0,0,1.95386e+09,2.34651e+09,0,0,376484,117098,0,0,1.02174e+07,1.08943e+07,0,0,710.325,1003.95,0,0,415.436,1273.68,0,0,0.128988,0.004573,0,0,
7640.00,50,50,177.244,61.0246,0,0,0,0,534.11,117.036,0,0,1.96555e+09,2.35015e+09,0,0,377519,117260,0,0,1.02393e+07,1.09254e+07,0,0,706.819,1001.92,0,0,414.369,1273.75,0,0,0.130019,0.00455229,0,0,
7670.00,50,50,176.954,61.0157,0,0,0,0,537.945,117.432,0,0,1.9769e+09,2.35367e+09,0,0,378415,117412,0,0,1.02605e+07,1.09554e+07,0,0,703.445,999.835,0,0,413.335,1273.81,0,0,0.131028,0.00453191,0,0,
7701.00,50,50,176.656,61.0066,0,0,0,0,541.787,117.84,0,0,1.98864e+09,2.35731e+09,0,0,379258,117564,0,0,1.02822e+07,1.09863e+07,0,0,700.013,997.659,0,0,412.282,1273.88,0,0,0.132064,0.00451045,0,0,
7702.00,50,50,176.647,61.0065,0,0,0,0,541.915,117.852,0,0,1.98902e+09,2.35743e+09,0,0,379284,117570,0,0,1.02829e+07,1.09873e+07,0,0,699.897,997.607,0,0,412.249,1273.89,0,0,0.132097,0.00450976,0,0,
7703.00,50,50,176.638,61.0062,0,0,0,0,542.067,117.865,0,0,1.9894e+09,2.35755e+09,0,0,379342,117574,0,0,1.02836e+07,1.09883e+07,0,0,699.806,997.532,0,0,412.214,1273.89,0,0,0.132129,0.00450906,0,0,
7732.00,50,50,176.36,60.9972,0,0,0,0,545.56,118.245,0,0,2.00041e+09,2.36096e+09,0,0,380078,117701,0,0,1.03039e+07,1.10172e+07,0,0,696.675,995.394,0,0,411.262,1273.96,0,0,0.133091,0.00448858,0,0,
7761.00,50,50,176.082,60.9881,0,0,0,0,549.099,118.619,0,0,2.01145e+09,2.36437e+09,0,0,380873,117819,0,0,1.0324e+07,1.10461e+07,0,0,693.633,993.252,0,0,410.328,1274.04,0,0,0.13404,0.00446774,0,0,
7792.00,50,50,175.785,60.9785,0,0,0,0,553.014,119.015,0,0,2.02327e+09,2.36803e+09,0,0,381840,117941,0,0,1.03455e+07,1.10768e+07,0,0,690.471,990.97,0,0,409.334,1274.13,0,0,0.135051,0.0044451,0,0,
7822.00,50,50,175.487,60.9689,0,0,0,0,556.936,119.397,0,0,2.03475e+09,2.37157e+09,0,0,382894,118048,0,0,1.03661e+07,1.11065e+07,0,0,687.5,988.707,0,0,408.386,1274.22,0,0,0.136012,0.00442286,0,0,
7853.00,50,50,175.198,60.959,0,0,0,0,561.118,119.78,0,0,2.04664e+09,2.37523e+09,0,0,384064,118146,0,0,1.03874e+07,1.11371e+07,0,0,684.462,986.361,0,0,407.419,1274.34,0,0,0.136989,0.00439953,0,0,
7883.00,50,50,174.908,60.949,0,0,0,0,565.214,120.146,0,0,2.05818e+09,2.37877e+09,0,0,385217,118225,0,0,1.04079e+07,1.11666e+07,0,0,681.541,984.018,0,0,406.563,1274.45,0,0,0.13795,0.00437656,0,0,
7914.00,50,50,174.609,60.9387,0,0,0,0,569.498,120.514,0,0,2.07014e+09,2.38244e+09,0,0,386401,118297,0,0,1.04289e+07,1.11971e+07,0,0,678.493,981.601,0,0,405.718,1274.58,0,0,0.138912,0.00435248,0,0,
7945.00,50,50,174.308,60.928,0,0,0,0,573.826,120.88,0,0,2.08214e+09,2.38611e+09,0,0,387575,118359,0,0,1.04499e+07,1.12275e+07,0,0,675.423,979.148,0,0,404.877,1274.71,0,0,0.13987,0.00432818,0,0,
7975.00,50,50,174.02,60.9174,0,0,0,0,577.906,121.236,0,0,2.09379e+09,2.38966e+09,0,0,388578,118415,0,0,1.04701e+07,1.12568e+07,0,0,672.39,976.736,0,0,404.074,1274.84,0,0,0.140792,0.00430457,0,0,
8006.00,50,50,173.72,60.9064,0,0,0,0,582.026,121.591,0,0,2.10585e+09,2.39333e+09,0,0,389515,118457,0,0,1.04909e+07,1.12871e+07,0,0,669.24,974.225,0,0,403.258,1274.98,0,0,0.141733,0.0042801,0,0,
8036.00,50,50,173.43,60.895,0,0,0,0,585.927,121.931,0,0,2.11755e+09,2.39689e+09,0,0,390320,118481,0,0,1.05109e+07,1.13162e+07,0,0,666.159,971.699,0,0,402.474,1275.13,0,0,0.142649,0.00425626,0,0,
8067.00,50,50,173.132,60.8828,0,0,0,0,589.88,122.28,0,0,2.12966e+09,2.40056e+09,0,0,391119,118495,0,0,1.05315e+07,1.13463e+07,0,0,663.048,969.047,0,0,401.683,1275.28,0,0,0.143578,0.00423142,0,0,
8098.00,50,50,172.834,60.87,0,0,0,0,593.724,122.619,0,0,2.1418e+09,2.40423e+09,0,0,391846,118488,0,0,1.0552e+07,1.13763e+07,0,0,659.98,966.308,0,0,400.912,1275.45,0,0,0.144488,0.00420633,0,0,
8126.00,50,50,172.565,60.8581,0,0,0,0,597.163,122.919,0,0,2.15278e+09,2.40755e+09,0,0,392485,118470,0,0,1.05705e+07,1.14033e+07,0,0,657.25,963.8,0,0,400.229,1275.6,0,0,0.145292,0.00418346,0,0,
8157.00,50,50,172.257,60.8452,0,0,0,0,600.883,123.243,0,0,2.16496e+09,2.41122e+09,0,0,393126,118443,0,0,1.05908e+07,1.14332e+07,0,0,654.248,961.055,0,0,399.493,1275.78,0,0,0.146163,0.00415797,0,0,
8187.00,50,50,171.98,60.8329,0,0,0,0,604.39,123.546,0,0,2.17676e+09,2.41478e+09,0,0,393693,118412,0,0,1.06104e+07,1.14619e+07,0,0,651.388,958.444,0,0,398.792,1275.96,0,0,0.146998,0.00413314,0,0,
8218.00,50,50,171.684,60.8212,0,0,0,0,608.017,123.851,0,0,2.18898e+09,2.41845e+09,0,0,394253,118387,0,0,1.06305e+07,1.14916e+07,0,0,648.425,955.883,0,0,398.056,1276.15,0,0,0.147875,0.00410736,0,0,
8248.00,50,50,171.398,60.8102,0,0,0,0,611.429,124.15,0,0,2.20081e+09,2.422e+09,0,0,394749,118373,0,0,1.06499e+07,1.15202e+07,0,0,645.617,953.469,0,0,397.353,1276.34,0,0,0.14872,0.0040823,0,0,
8279.00,50,50,171.093,60.7997,0,0,0,0,614.935,124.463,0,0,2.21306e+09,2.42567e+09,0,0,395250,118377,0,0,1.06699e+07,1.15498e+07,0,0,642.75,951.097,0,0,396.627,1276.53,0,0,0.149596,0.00405628,0,0,
8310.00,50,50,170.81,60.7898,0,0,0,0,618.339,124.777,0,0,2.22532e+09,2.42934e+09,0,0,395699,118390,0,0,1.06898e+07,1.15792e+07,0,0,639.938,948.818,0,0,395.902,1276.72,0,0,0.150478,0.00403013,0,0,
8340.00,50,50,170.523,60.7809,0,0,0,0,621.666,125.086,0,0,2.2372e+09,2.43289e+09,0,0,396192,118419,0,0,1.07089e+07,1.16076e+07,0,0,637.307,946.7,0,0,395.203,1276.9,0,0,0.151327,0.00400472,0,0,
8343.00,50,50,170.484,60.7801,0,0,0,0,622.012,125.117,0,0,2.23839e+09,2.43324e+09,0,0,396251,118423,0,0,1.07108e+07,1.16105e+07,0,0,637.047,946.503,0,0,395.134,1276.92,0,0,0.15141,0.00400217,0,0,
8353.00,50,50,170.4,60.7773,0,0,0,0,623.061,125.225,0,0,2.24235e+09,2.43443e+09,0,0,396363,118440,0,0,1.07172e+07,1.16199e+07,0,0,636.154,945.822,0,0,394.9,1276.97,0,0,0.151699,0.00399367,0,0,
8371.00,50,50,170.229,60.7726,0,0,0,0,624.995,125.427,0,0,2.24949e+09,2.43656e+09,0,0,396572,118490,0,0,1.07286e+07,1.16369e+07,0,0,634.52,944.693,0,0,394.486,1277.07,0,0,0.152207,0.00397836,0,0,
8401.00,50,50,169.947,60.7653,0,0,0,0,628.173,125.77,0,0,2.26139e+09,2.44012e+09,0,0,396942,118577,0,0,1.07476e+07,1.16652e+07,0,0,631.899,942.812,0,0,393.791,1277.24,0,0,0.153061,0.00395287,0,0,
8432.00,50,50,169.653,60.7586,0,0,0,0,631.47,126.141,0,0,2.27371e+09,2.44379e+09,0,0,397308,118694,0,0,1.07671e+07,1.16944e+07,0,0,629.179,940.969,0,0,393.065,1277.39,0,0,0.153958,0.00392646,0,0,
8463.00,50,50,169.361,60.7524,0,0,0,0,634.808,126.529,0,0,2.28603e+09,2.44748e+09,0,0,397703,118832,0,0,1.07866e+07,1.17236e+07,0,0,626.493,939.172,0,0,392.335,1277.54,0,0,0.154858,0.00389995,0,0,
8490.00,50,50,169.106,60.7474,0,0,0,0,637.69,126.89,0,0,2.29677e+09,2.45069e+09,0,0,398024,118979,0,0,1.08035e+07,1.17489e+07,0,0,624.165,937.651,0,0,391.699,1277.66,0,0,0.155646,0.0038768,0,0,